mean_fit_time,std_fit_time,mean_score_time,std_score_time,param_clf__C,params,split0_test_score,split1_test_score,split2_test_score,split3_test_score,split4_test_score,mean_test_score,std_test_score,rank_test_score,split0_train_score,split1_train_score,split2_train_score,split3_train_score,split4_train_score,mean_train_score,std_train_score
0.015132904052734375,0.003612271701286557,0.0036192893981933593,0.0008041146015241806,0.5,{'clf__C': 0.5},0.6505261760972972,0.668623106850906,0.6549768325649132,0.6549120395454939,0.6189597866876673,0.6495995883492556,0.01648446031853129,3,0.6413458104798538,0.6596773263295671,0.6631774659962685,0.6601214328964423,0.6648856270789184,0.65784153255621,0.008470754210596091
0.008874845504760743,0.0009915818947954416,0.003620767593383789,0.0008046151337867107,1.0,{'clf__C': 1.0},0.662248256057583,0.6722266753887308,0.6600527175501196,0.6645968569627501,0.6230255374013688,0.6564300086721104,0.01719922564239143,2,0.6445595310752048,0.6660618852333734,0.6683233368696303,0.6684587671860096,0.672511317272077,0.663982967527259,0.009931728151929956
0.005932855606079102,0.0037878857364852473,0.0015578746795654296,0.0019097389287767517,2.0,{'clf__C': 2.0},0.662248256057583,0.6722266753887308,0.6667462788300097,0.6696240924685345,0.628077848779531,0.6597846303048778,0.016195514800534126,1,0.6498691568475191,0.6698587837874221,0.6730868711622091,0.6705724536288495,0.6751918998039681,0.6677158330459936,0.00912135949278738
