mean_fit_time,std_fit_time,mean_score_time,std_score_time,param_clf__C,params,split0_test_score,split1_test_score,split2_test_score,split3_test_score,split4_test_score,mean_test_score,std_test_score,rank_test_score,split0_train_score,split1_train_score,split2_train_score,split3_train_score,split4_train_score,mean_train_score,std_train_score
0.04371862411499024,0.010921404932750517,0.004079151153564453,0.00021885274487222416,0.5,{'clf__C': 0.5},0.937640645016856,0.9444428832913143,0.946192583845754,0.9670838369559981,0.9335945903537448,0.9457909078927333,0.011580537884297385,3,0.9492026842838591,0.9505386954431474,0.9453158053840736,0.9439552059491249,0.9522880460187039,0.9482600874157818,0.003146610717236706
0.035909414291381836,0.0041153036381084435,0.004511117935180664,0.0009280874310293965,1.0,{'clf__C': 1.0},0.9445675718247825,0.9479089098113747,0.9531579071044703,0.9739902547090674,0.9441543181898396,0.9527557923279069,0.011095843108075612,2,0.9557509727835781,0.9574700150861569,0.9561819798876786,0.9522301196438816,0.9570616755319886,0.9557389525866569,0.0018576597999726463
0.03786487579345703,0.0034429627101121834,0.004335212707519531,0.00029651969826632846,2.0,{'clf__C': 2.0},0.9549346270011253,0.954920595346923,0.961836026883211,0.9791817457961853,0.9476513527599953,0.959704869557488,0.010722148110526774,1,0.9622497856346955,0.9613791656849114,0.9613978594766422,0.9583271565523983,0.9614103044795203,0.9609528543656335,0.0013539092450797698
